Frases,Codi,Google,Errors,Apertium,Errors,ChatGPT,,Softcatala,Errors,Gemini,Errors,Yandex,
He comprado un libro nuevo a mi hijo y esta tarde se lo daré.,1,He comprat un llibre nou al meu fill i aquesta tarda els ho donaré.,1,He comprat un llibre nou al meu fill i aquesta tarda li ho donaré.,1,He comprat un llibre nou al meu fill i aquesta tarda se'l donaré.,1,He comprat un llibre nou al meu fill i aquesta tarda li ho donaré.,1,Li regalaré un llibre nou al meu fill aquesta tarda.,1,He comprat un llibre nou per al meu fill i el donaré aquesta tarda.,1
Coso el gorro rojo a mi madre pero no se lo regalo.,1,Coso la gorra vermella a la meva mare però no li regalo.,1,Cuso el capell vermell a la meva mare però no li ho regalo.,1,Coso el barret vermell a la meva mare però no li ho regalo.,1,Cuso el capell vermell a la meva mare però no li ho regalo.,1,"Coso el barret vermell a la meva mare, però no li regalo.",1,Vaig cosir el barret vermell a la meva mare però no li dono.,1
Consigue el libro para su prima pero no se lo da.,1,Aconsegueix el llibre per a la seva cosina però no els hi dóna.,1,Aconsegueix el llibre per a la seva cosina però no li ho dóna.,1,Aconsegueix el llibre per a la seva cosina però no li ho dóna.,1,Aconsegueix el llibre per a la seva cosina però no li ho dona.,1,"Consegueix el llibre per a la seva cosina, però no li dona.",1,Rep el llibre per al seu cosí però no li el dóna.,1
Cocino bombones a mi madre y se los doy.,1,Cuino bombons a la meva mare i els hi dono.,,Cuino bombons a la meva mare i els hi dono.,,Cuino bombons a la meva mare i els li dono.,,Cuino bombons a la meva mare i els hi dono.,,Cuino bombons a la meva mare i li'ls dono.,,Cuino bombons per a la meva mare i els dono.,1
No entiendo a Dios pero creo en él.,2,No entenc Déu però hi crec.,,No entenc a Déu però crec en ell.,1,No entenc Déu però crec en ell.,1,No entenc a Déu però crec en ell.,1,"No entenc Déu, però crec en ell.",1,"No entenc Déu, però crec en Ell.",1
Pienso en Dios pero no creo.,2,Penso en Déu però no ho crec.,1,Penso en Déu però no crec.,1,Penso en Déu però no hi crec.,,Penso en Déu però no crec.,1,"Penso en Déu, però no crec.",1,"Penso En Déu, però no m'ho crec.",1
Me han operado del ojo y no veo.,2,M'han operat de l'ull i no hi veig.,,M'han operat de l'ull i no veig.,1,M'han operat de l'ull i no veig.,1,M'han operat de l'ull i no veig.,1,M'han operat de l'ull i no veig.,1,M'han operat els ulls i no hi veig res.,
Hay mucho ruido aquí y no oigo.,2,Hi ha molt de soroll aquí i no sento.,1,Hi ha molt de soroll aquí i no sento.,1,Hi ha molt soroll aquí i no sento.,1,Hi ha molt de soroll aquí i no sento.,1,Hi ha molt soroll aquí i no sento.,1,Aquí hi ha molt soroll i no puc escoltar.,1
"Los amigos le han pedido la cámara tantas veces, que al final se la ha dejado.",1,"Els amics li han demanat la càmera tantes vegades, que al final l'hi ha deixat.",1,"Els amics li han demanat la cambra tantes vegades, que al final la hi ha deixat.",1,"Els amics li han demanat la càmera tantes vegades, que al final se la ha deixat.",1,"Els amics li han demanat la cambra tantes vegades, que al final la hi ha deixat.",1,Els amics li han demanat la càmera tantes vegades que al final se la ha deixat.,1,"Els amics li han demanat la càmera tantes vegades, que al final l'ha deixat.",1
Le hemos dicho que no queríamos bocadillos pero al final ha acabado preparando dos a cada uno.,3,Li hem dit que no volíem entrepans però al final n'ha acabat preparant dos a cadascun.,,Li hem dit que no volíem entrepans però al final ha acabat preparant dos a cadascun.,1,Li hem dit que no volíem entrepans però al final ha acabat preparant-ne dos per a cadascú.,,Li hem dit que no volíem entrepans però al final ha acabat preparant dos a cadascun.,1,"Li hem dit que no volíem entrepans, però al final ha acabat preparant dos a cadascú.",1,Li vam dir que no volíem entrepans però al final va acabar preparant-ne dos per a cadascun.,
La Càndida siempre dice cosas muy acertadas y al final todo el mundo le da la razón.,3,La Càndida sempre diu coses molt encertades i al final tothom hi dóna la raó.,1,La Càndida sempre diu coses molt encertades i al final tothom li dóna la raó.,,La Càndida sempre diu coses molt encertades i al final tothom li dóna la raó.,,La *Càndida sempre diu coses molt encertades i al final tothom li dona la raó.,,La Càndida sempre diu coses molt encertades i al final tothom li dona la raó.,,Candida sempre diu les coses correctes i al final tothom li dóna la raó.,
Deja de darle vueltas y no pienses más en ello.,2,Deixa de donar-hi voltes i no hi pensis més.,,Deixa de donar-li voltes i no pensis més en això.,1,Deixa d'aturar-se i no hi pensis més.,,Deixa de donar-li voltes i no pensis més en això.,1,Deixa de donar-li voltes i no pensis més en això.,1,Deixa de pensar-hi i no hi pensis més.,
Recoge melocotones para tu abuelo y llévaselos.,1,Recull préssecs per al teu avi i emporta-se'ls.,1,Recull préssecs per al teu avi i porta'ls-hi.,,Recol·lecta préssecs per al teu avi i porta-li'ls.,,Recull préssecs per al teu avi i porta'ls-hi.,,Recull préssecs per al teu avi i porta-li'ls.,,Tria préssecs per al teu avi i porta'ls a ell.,1
Le quería coger el puñal pero no consiguió quitárselo.,1,Li volia agafar el punyal però no va aconseguir treure'l.,1,Li volia agafar el punyal però no va aconseguir llevar-l'hi.,,Volia agafar-li el punyal però no va aconseguir lleva-li'l.,,Li volia agafar el punyal però no va aconseguir llevar-l'hi.,,"Volia agafar-li el punyal, però no va aconseguir treure-li'l.",,"Li volia treure el punyal, però no se'l va poder treure.",1
"Si se te rompen las gafas, te daremos unas nuevas.",2,"Si se't trenquen les ulleres, te'n donarem unes de noves.",,"Si se't trenquen les ulleres, et donarem unes noves.",1,"Si se't trenquen les ulleres, et donarem unes noves.",1,"Si se't trenquen les ulleres, et donarem unes noves.",1,"Si se t'espatllen les ulleres, te'n donarem unes de noves.",,"Si et trenquen les ulleres, te'n donarem de noves.",1
"Antonio tenía tanto aprecio por esa cajonera, que no se habría separado de ella por nada del mundo.",2,"Antonio tenia tanta estima per aquella calaixera, que no se n'hauria separat per res del món.",,"Antonio tenia tanta estima per aquesta calaixera, que no s'hauria separat d'ella per res del món.",1,"Antonio tenia tant apreci per aquell calaix, que no s'hauria separat d'ell per res del món.",1,"Antonio tenia tanta estima per aquesta calaixera, que no s'hauria separat d'ella per res del món.",1,Antoni tenia tant d'apreci per aquella calaixera que no se n'hauria separat per res del món.,,L'Antonio era tan aficionat a aquella calaixera que no se n'hauria separat per al món.,
Ya habíamos cometido el error y ahora no tenía sentido arrepentir-se.,2,Ja havíem comès l'error i ara no tenia sentit penedir-se'n.,,Ja havíem comès l'error i ara no tenia sentit penedir-es.,1,Ja havíem comès l'error i ara no tenia sentit penedir-se'n.,,Ja havíem comès l'error i ara no tenia sentit penedir-es.,1,Ja havíem comès l'error i ara no tenia sentit penedir-se.,1,Ja havíem comès l'error i ara no tenia sentit lamentar-se.,1
No sé qué hacen porque aún no los hemos visto.,3,No sé què fan perquè encara no els hem vist.,,No sé què fan perquè encara no els hem vist.,,No sé què fan perquè encara no els hem vist.,,No sé què fan perquè encara no els hem vist.,,No sé què fan perquè encara no els hem vist.,,No sé què fan perquè encara no els hem vist.,
Dice que hay muchas setas pero no ve ninguna.,2,Diu que hi ha molts bolets però no en veu cap.,,Diu que hi ha molts bolets però no veu cap.,1,Diuen que hi ha molts bolets però no en veuen cap.,1,Diu que hi ha molts bolets però no veu cap.,1,"Diu que hi ha moltes bolets, però no en veu cap.",,Diu que hi ha molts bolets però no en veu cap.,
Le gustaba el teatro pero no iba a menudo.,2,"Li agradava el teatre, però no anava sovint.",1,Li agradava el teatre però no anava sovint.,1,Li agradava el teatre però no hi anava sovint.,1,Li agradava el teatre però no anava sovint.,1,"Li agradava el teatre, però no hi anava sovint.",,Li agradava el teatre però no hi anava sovint.,1
Tenía muchos privilegios pero no quería renunicar a ellos.,2,Tenia molts privilegis però no volia renunicar-los,1,Tenia molts privilegis però no volia renunicar a ells.,1,Tenia molts privilegis però no volia renunciar-hi.,1,Tenia molts privilegis però no volia renunicar a ells.,1,"Tenia molts privilegis, però no volia renunciar-hi.",,"Tenia molts privilegis, però no volia renunciar-hi.",
Siempre comía con cuchara de plata y se había acostumbrado.,2,Sempre menjava amb cullera de plata i s'hi havia acostumat.,,Sempre menjava amb cullera de plata i s'havia acostumat.,1,Sempre menjava amb cullera de plata i s'havia acostumat.,1,Sempre menjava amb cullera de plata i s'havia acostumat.,1,Sempre menjava amb cullera de plata i s'hi havia acostumat.,,Sempre menjava amb una cullera de plata i s'hi havia acostumat.,
No queríamos que cantara en la fiesta pero insistió mucho.,2,No volíem que cantés a la festa però va insistir molt.,1,No volíem que cantés en la festa però va insistir molt.,1,No volíem que cantés a la festa però va insistir molt.,1,No volíem que cantés en la festa però va insistir molt.,1,"No volíem que cantés a la festa, però va insistir molt.",1,"No volíem que cantés a la festa, però va insistir molt.",1
Bebe mucho vino pero no abusa.,2,Beu molt de vi però no abusa.,1,Beu molt vi però no abusa.,1,Beu molt vi però no en fa mal ús.,,Beu molt vi però no abusa.,1,"Beu molt vi, però no n'abusa.",,Beu molt de vi però no abusa.,1
Compró torreznos pero no comió ni uno.,2,Va comprar rostes però no en va menjar ni un.,1,Va comprar rostes però no va menjar ni un.,1,Va comprar xichets però no en va menjar ni un.,1,Va comprar rostes però no va menjar ni un.,1,"Va comprar torreznos, però no en va menjar ni un.",1,"Va comprar uns entrepans, però no se'n va menjar.",1
Salió de casa solo pero entró con María.,2,Va sortir de casa sol però va entrar amb la Maria.,1,Va sortir de casa sol però va entrar amb María.,1,Va sortir de casa sol però va entrar amb la Maria.,1,Va sortir de casa sol però va entrar amb María.,1,"Va sortir de casa sol, però va entrar amb Maria.",1,Va sortir de casa sol però va entrar amb La Maria.,1
LLeva la libreta a su hija pero no se la da.,1,Porta la llibreta a la seva filla però no li dóna.,1,Porta la llibreta a la seva filla però no la hi dóna.,,Porta el llibret a la seva filla però no se'l dóna.,1,Porta la llibreta a la seva filla però no la hi dona.,,"Porta la llibreta a la seva filla, però no li dona.",1,Porta la llibreta a la seva filla però no li la dóna.,
Los empleados quieren saber el motivo de esta reunion clandestina y ahora se lo diré.,1,Els empleats volen saber el motiu d'aquesta reunió clandestina i ara els ho diré.,1,Els empleats volen saber el motiu d'aquesta reunion clandestina i ara li ho diré.,1,Els empleats volen saber el motiu d'aquesta reunió clandestina i ara els ho diré.,1,Els empleats volen saber el motiu d'aquesta *reunion clandestina i ara li ho diré.,1,Els empleats volen saber el motiu d'aquesta reunió clandestina i ara els ho diré.,1,Els empleats volen saber el motiu d'aquesta reunió clandestina i ara els explicaré.,1
Sale del piso pero no vuelve.,2,Surt del pis però no torna.,1,Surt del pis però no torna.,1,Surt del pis però no torna.,1,Surt del pis però no torna.,1,"Surt del pis, però no torna.",1,Abandona el pis però no torna.,1
Entra en el piso pero no sale.,2,Entra al pis però no surt.,1,Entra en el pis però no surt.,1,Entra al pis però no surt.,1,Entra en el pis però no surt.,1,"Entra al pis, però no surt.",1,Entra a l'apartament però no surt.,1
Puede que venga pero asegúrate.,2,Potser vindrà però assegura't.,1,Pot ser que vingui però assegura't.,1,Potser que vingui però assegura't.,1,Pot ser que vingui però assegura't.,1,"Potser ve, però assegura't-ho.",1,"Pot venir, però assegureu-vos.",1
Quiere mucho a su hija pero no confía en ella.,2,Vol molt la seva filla però no hi confia.,,Vol molt a la seva filla però no confia en ella.,1,Estima molt la seva filla però no confia en ella.,1,Vol molt a la seva filla però no confia en ella.,1,"L'estima molt, però no confia en ella.",1,"Estima molt la seva filla, però no confia en ella.",1
Le he pedido que se presente pero no ha accedido.,2,Li he demanat que es presenti però no hi ha accedit.,,Li he demanat que es presenti però no ha accedit.,1,Li he demanat que es presenti però no ha accedit.,1,Li he demanat que es presenti però no ha accedit.,1,"Li he demanat que es presenti, però no ha accedit.",1,"Li he demanat que es presentés, però no hi ha acord.",
Quiere demasiado a Juan y por eso mismo lo odia.,3,Vol massa Juan i per això mateix ho odia.,1,Vol massa a Juan i per això mateix ho odia.,1,Estima massa en Juan i per això mateix el detesta.,,Vol massa a Juan i per això mateix ho odia.,1,L'estima massa a Joan i per això mateix l'odia.,,Estima Massa En John i per Això l'odia.,
Hablé con María y la puse en su sitio.,3,Vaig parlar amb Maria i la vaig posar al seu lloc.,,Vaig parlar amb María i la vaig posar en el seu lloc.,,Vaig parlar amb la Maria i la vaig posar al seu lloc.,,Vaig parlar amb María i la vaig posar en el seu lloc.,,Vaig parlar amb Maria i la vaig posar al seu lloc.,,Vaig parlar Amb La Maria i la vaig posar al seu lloc.,
Adquiere la libreta para la directora pero no se la trae.,1,Adquireix la llibreta per a la directora però no se la porta.,1,Adquireix la llibreta per a la directora però no la hi porta.,1,Adquireix el llibret per a la directora però no li ho porta.,1,Adquireix la llibreta per a la directora però no la hi porta.,,"Compra la llibreta per a la directora, però no li porta.",1,Compra la llibreta per al director però no li la porta.,
Proporciona los informes a la coordinadora y se los explica.,1,Proporciona els informes a la coordinadora i se'ls explica.,1,Proporciona els informes a la coordinadora i els hi explica.,,Proporciona els informes a la coordinadora i els explica.,1,Proporciona els informes a la coordinadora i els hi explica.,,Dóna els informes a la coordinadora i els explica.,1,Proporcioneu els informes al coordinador i expliqueu-los.,1
Da las explicaciones al responsable y se las repite dos veces.,1,Dóna les explicacions al responsable i les repeteix dues vegades.,1,Dóna les explicacions al responsable i les hi repeteix dues vegades.,,Dóna les explicacions al responsable i se les repeteix dues vegades.,1,Dona les explicacions al responsable i les hi repeteix dues vegades.,,Explica les coses al responsable i les repeteix dues vegades.,1,Doneu les explicacions al responsable i repetiu-les dues vegades.,1
Redacto el informe para los técnicos per no se lo tramito.,1,Redacte l'informe per als tècnics per no els ho tramito.,1,Redacto l'informe per als tècnics per no li ho tramito.,1,Redacto l'informe pels tècnics però no els ho tramito.,1,Redacto l'informe per als tècnics *per no li ho tramito.,1,"Redacto l'informe per als tècnics, però no els el tramito.",,Escric l'informe per als tècnics però no el processo per a ells.,1
Busco tabaco porque ya no me queda.,2,Busco tabac perquè ja no em queda.,1,Busco tabac perquè ja no em queda.,1,Busco tabac perquè ja no em queda.,1,Busco tabac perquè ja no em queda.,1,Busco tabac perquè ja no me'n queda.,,Estic buscant tabac perquè no em queda res.,1
Encargo sobres porque no tengo ninguno.,2,Encàrrec sobres perquè no en tinc cap.,,Encarrego sobres perquè no tinc cap.,1,Encarrego sobres perquè no en tinc cap.,,Encarrego sobres perquè no tinc cap.,1,Encarrego sobres perquè no en tinc cap.,,Demano sobres perquè no en tinc.,
No tengo muchos bolígrafos y pediré más.,2,No tinc gaires bolígrafs i demanaré més.,1,No tinc molts bolígrafs i demanaré més.,1,No tinc molts bolígrafs i en demanaré més.,,No tinc molts bolígrafs i demanaré més.,1,No tinc molts bolígrafs i en demanaré més.,,No tinc molts bolígrafs i en demanaré més.,
Me gustan las manzanas y como una al día.,2,M'agraden les pomes i com una al dia.,1,M'agraden les pomes i com uneixi al dia.,1,M'agraden les pomes i en menjo una al dia.,,M'agraden les pomes i com uneixi al dia.,1,M'agraden les pomes i en menjo una al dia.,,M'agraden les pomes i en menjo una al dia.,
Prepara manzanas a la abuela y se las lleva.,1,Prepara pomes a l'àvia i se les emporta.,1,Prepara pomes a l'àvia i se les emporta.,1,Prepara pomes per a l'àvia i se les porta.,1,Prepara pomes a l'àvia i se les emporta.,1,Prepara pomes per a l'àvia i li les porta.,,Fa pomes de l'àvia i se les porta a ella.,1
Redacta informes para el párroco y se los lee.,1,Redacta informes per al rector i se'ls llegeix.,1,Redacta informes per al rector i els hi llegeix.,,Redacta informes per al pàrroc i els llegeix.,1,Redacta informes per al rector i els hi llegeix.,,Redacta informes per al rector i els llegeix.,1,Escriu informes per al rector i els llegeix.,1
Prepara caramelos para los niños y se los da.,1,Prepara caramels per als nens i els hi dóna.,1,Prepara caramels per als nens i els hi dóna.,1,Prepara caramels pels nens i els hi dóna.,1,Prepara caramels per als nens i els hi dona.,1,Prepara caramels per als nens i els dona.,1,Fa caramels per als nens i els dóna.,1
Te recomendaron a los consejeros y te los presentaron.,1,Et van recomanar als consellers i te'ls van presentar.,,Et van recomanar als consellers i te'ls van presentar.,,Et van recomanar als consellers i et els van presentar.,1,Et van recomanar als consellers i te'ls van presentar.,,Et van recomanar els assessors i te'ls van presentar.,,Us van recomanar als consellers i us els van presentar.,
Trae la taza y dámela.,1,Porta la tassa i dóna-me-la.,,Porta la tassa i dóna-me-la.,,Porta la tassa i dóna-m'la.,1,Porta la tassa i dona-me-la.,,Porta la tassa i dóna-mela.,1,Agafa la copa i dóna'm-la.,1
Recoge rábanos para tu tía y cocínaselos.,1,Recull raves per a la teva tia i cuina'ls.,1,Recull raves per a la teva tia i cuina'ls-hi.,,Recol·lecta ràbanos per a la teva tia i cuina'ls.,1,Recull raves per a la teva tia i cuina'ls-hi.,,Recull raves per a la teva tia i cuina-les.,1,Tria raves per a la teva tia i cuina'ls per a ella.,1
Prepara las plumas para Eva y se las envuelve.,1,Prepara les plomes per a Eva i se les envolta.,1,Prepara les plomes per a Eva i les hi embolica.,,Prepara les plomes per a l'Eva i les embolica.,1,Prepara les plomes per a Eva i les hi embolica.,,Prepara les plomes per a l'Eva i les embolcalla.,1,Prepara Les plomes Per A L'Eva i les embolica per a ella.,1
Compra los lápices al crío y se los envuelve.,1,Compra els llapis a la criatura i se'ls envolta.,1,Compra els llapis a la criatura i els hi embolica.,1,Compra els llapis al nen i se'ls embolica.,1,Compra els llapis a la criatura i els hi embolica.,,Compra els llapis al nen i els embolica.,1,Compra els llapis al nen i els embolica per a ell.,1
No recibe las quejas de los vecinos ni se las resuelve.,1,No rep les queixes dels veïns ni se les resol.,1,No rep les queixes dels veïns ni les hi resol.,1,No rep les queixes dels veïns ni les resol.,1,No rep les queixes dels veïns ni les hi resol.,1,No rep les queixes dels veïns ni els les resol.,,No rep queixes dels veïns ni les resol.,1
Compra los libros en la liberería y los trae.,1,Compra els llibres a la libereria i els porta.,,Compra els llibres en la liberería i els porta.,,Compra els llibres a la llibreria i els porta.,,Compra els llibres en la *liberería i els porta.,,Compra els llibres a la llibreria i els porta.,,Compra els llibres a la llibreria i els porta.,
Consigue la sombrilla para ir a la playa y la lleva.,1,Compra el para-sol per anar a la platja i la porta.,1,Compra l'ombrel·la per a anar a la platja i la porta.,1,Aconsegueix la paraeta per anar a la platja i la porta.,1,Aconsegueix l'ombrel·la per a anar a la platja i la porta.,1,Conssegueix la sombrilla per anar a la platja i la porta.,1,Agafa el paraigua per anar a la platja i el porta.,1
Compran merienda para los ancianos y se la regalan.,1,Compren berenar als ancians i se la regalen.,1,Compren berenar als ancians i la hi regalen.,1,Compren berenar pels ancians i els hi regalen.,1,Compren berenar per als ancians i la hi regalen.,1,Compren berenar per als ancians i els el regalen.,1,Compren aperitius per a gent gran i els regalen.,1
Escribió un telegrama a su hijo y se lo envió.,1,Va escriure un telegrama al seu fill i el va enviar.,1,Va escriure un telegrama al seu fill i el va enviar.,1,Va escriure un telegrama al seu fill i el va enviar.,1,Va escriure un telegrama al seu fill i li ho va enviar.,1,Va escriure un telegrama al seu fill i els el va enviar.,1,Va escriure un telegrama al seu fill i li va enviar.,1
Adquirió las entradas para sus amigos pero no se las repartió.,1,Va adquirir les entrades per als seus amics però no se les va repartir.,1,Va adquirir els entrades per als seus amics però no se'ls va repartir.,1,Va adquirir entrades per als seus amics però no se'ls va repartir.,1,Va adquirir les entrades per als seus amics però no les hi va repartir.,1,Va adquirir les entrades per als seus amics però no els les va repartir.,,Va comprar les entrades per als seus amics però no les va repartir.,1
Cocina pasteles para las niñas y se los lleva.,1,Cuina pastissos per a les nenes i se'ls emporta.,1,Cuina pastissos per als nens i es'ls emporta.,1,Cuina pastissos per als nens i els porta.,1,Cuina pastissos per a les nenes i se'ls emporta.,1,Cuina pastissos per a les nenes i els porta.,1,Cuina pastissos per a les noies i se les emporta.,1
El capataz dio una orden a los trabajadores y se la repitió al cabo de poco.,1,El capatàs va donar una ordre als treballadors i se la va repetir al cap de poc.,1,El capatàs va donar una ordre als treballadors i la hi va repetir al cap de poc.,1,El capatàs va donar una ordre als treballadors i els ho va repetir al cap de poc.,1,El capatàs va donar una ordre als treballadors i la hi va repetir al cap de poc.,1,El capatàs va donar una ordre als treballadors i els la va repetir al cap de poc.,,El capatàs va donar una ordre als treballadors i els la va repetir al cap de poc temps.,
Han escrito una postal a los abuelos y se la han enviado.,1,Han escrit una postal als avis i l'han enviada.,1,Han escrit una postal als avis i l'han enviada.,1,Han escrit una postal als avis i els l'han enviat.,,Han escrit una postal als avis i la hi han enviat.,1,Han escrit una postal als avis i els l'han enviada.,,Han escrit una postal als avis i els l'han enviat.,
Ha preparado un ramo de flores secas para la novia y se lo ha regalado.,1,Ha preparat un ram de flors seques per a la núvia i els ho ha regalat.,1,Ha preparat un ram de flors assequis per a la núvia i els ho ha regalat.,1,Ha preparat un ram de flors asseques per a la núvia i li ho ha regalat.,1,Ha preparat un ram de flors seques per a la núvia i li ho ha regalat.,1,Ha preparat un ram de flors seques per a la núvia i els el ha regalat.,1,Ha preparat un ram de flors seques per a la núvia i se l'ha regalat.,1
Inventa historias increíbles para sus hijas y se las explica.,1,Inventa històries increïbles per a les filles i se les explica.,1,Inventa històries increïbles per als filles i se'ls explica.,1,Inventa històries increïbles per a les filles i els les explica.,,Inventa històries increïbles per a les seves filles i les hi explica.,1,Inventa històries increïbles per a les seves filles i els les explica.,,Inventa històries increïbles per a les seves filles i les explica.,1
Ha regalado sus joyas a sus nieta y ella se las ha devuelto.,1,Ha regalat les seves joies a les seves néta i ella se les ha tornat.,1,Ha regalat els seves joies als seves néta i ella se'ls ha tornat.,1,Ha regalat les seves joies a la seva néta i ella li les ha tornades.,,Ha regalat les seves joies a les seves neta i ella les hi ha retornat.,1,Ha regalat les seves joies a les seves netes i elles els les han tornat.,1,Ha regalat les seves joies a la seva néta i ella li les ha retornat.,1
Ha diseñado un programa para el cliente y se lo ha presentado.,1,Ha dissenyat un programa per al client i l'hi ha presentat.,,Ha dissenyat un programa per al client i li ho ha presentat.,1,Ha dissenyat un programa per al client i li ha presentat.,1,Ha dissenyat un programa per al client i li ho ha presentat.,1,Ha dissenyat un programa per al client i li l'ha presentat.,,Ha dissenyat un programa perquè el client i li ha presentat.,1
Crea vacunas para los enfermos y se las pone.,1,Crea vacunes per als malalts i se les posa.,1,Crea vacunis per als malalts i se'ls posa.,1,Crea vacunes per als malalts i els les posa.,,Crea vacunes per als malalts i les hi posa.,1,Crea vacunes per als malalts i els les posa.,,Crea vacunes per als malalts i les posa.,1
Cada día trae caramelos a los niños y se los reparte.,1,Cada dia porta caramels als nens i se'ls reparteix.,1,Cada dia porta caramels als nens i es'ls reparteix.,1,Cada dia porta caramels als nens i els els reparteix.,,Cada dia porta caramels als nens i els hi reparteix.,1,Cada dia porta caramels als nens i els els reparteix.,,Cada dia porta dolços als nens i els reparteix.,1
Infla los globos para los críos y se los reparte.,1,Infla els globus per a les criatures i se'ls reparteix.,1,Infla els globus per als criatures i es'ls reparteix.,1,Infla els globus per a les criatures i els els reparteix.,,Infla els globus per a les criatures i els hi reparteix.,1,Infla els globus per als nens i els els reparteix.,,Infla els globus per als nens i els distribueix.,1
Trae los papeles a las secretarias para dárselos.,1,Porta els papers a les secretàries per donar-los-hi.,1,Porta els papers als secretàries per donar-els-hi.,1,Porta els papers a les secretàries per donar-los-hi.,1,Porta els papers a les secretàries per a donar-los-hi.,1,Porta els papers a les secretaries per donar-los-els.,,Porteu els papers a les secretàries per donar-los-los.,1
Indica la ruta a los asistentes y se la comenta.,1,Indica la ruta als assistents i se la comenta.,1,Indica la ruta als assistents i la hi comenta.,1,Indica la ruta als assistents i els la comenta.,,Indica la ruta als assistents i la hi comenta.,1,Indica la ruta als assistents i els la comenta.,,Indica la ruta als assistents i la comenta.,1
Anuncia los titulares a la audiencia y se los explica.,1,Anuncia els titulars a l'audiència i se'ls explica.,1,Anuncia els titulars a l'audiència i es'ls explica.,1,Anuncia els titulars a l'audiència i els els explica.,1,Anuncia els titulars a l'audiència i els hi explica.,,Anuncia els titulars a l'audiència i els els explica.,1,Anuncia els titulars al públic i els explica.,1
Repara el reloj al cliente y se lo devuelve.,1,Repara el rellotge al client i se'l torna.,1,Repara el rellotge al client i es'l torna.,1,Repara el rellotge al client i li el torna.,1,Repara el rellotge al client i li ho retorna.,1,Repara el rellotge al client i els el torna.,1,Repara el rellotge al client i li el torna.,1
Sugirió los medicamentos al paciente y se los recetó.,1,Va suggerir els medicaments al pacient i se'ls va receptar.,1,Va suggerir els medicaments al pacient i es'ls va encobrir.,1,Va suggerir els medicaments al pacient i els els va encobrir.,1,Va suggerir els medicaments al pacient i els hi va receptar.,,Va suggerir els medicaments al pacient i els els va receptar.,1,Va suggerir els medicaments al pacient i li va receptar.,1
Explicó el resultado a los alumnos y se lo repitió.,1,Va explicar el resultat als alumnes i ho va repetir.,1,Va explicar el resultat als alumnes i ho va repetir.,1,Va explicar el resultat als alumnes i els ho va repetir.,1,Va explicar el resultat als alumnes i li ho va repetir.,1,Va explicar el resultat als alumnes i els el va repetir.,,Va explicar el resultat als estudiants i els va repetir.,1
Dile a Rosa que llegarás tarde y repíteselo.,1,Digues-li a la Rosa que arribaràs tard i repeteixi-ho.,1,Digues-li a la Rosa que arribaràs tard i repeteixi-ho.,1,Digues-li a la Rosa que arribaràs tard i que ho repeteixi.,1,Digues-li a Rosa que arribaràs tard i repeteix-li-ho.,,Digues-li a la Rosa que arribaràs tard i repeteix-li-ho.,,Digues-li a La Rosa que arribaràs tard i digues-li-ho de nou.,1
Inventa cuentos para los alumnos y se los graba en audiolibros.,1,Inventa contes per als alumnes i els enregistra en audiollibres.,1,Inventa contes per als alumnes i els enregistra en audiollibres.,1,Inventa contes per als alumnes i els els enregistra en audiollibres.,,Inventa contes per als alumnes i els hi grava en audiollibres.,1,Inventa contes per als alumnes i els els grava en audiollibres.,,Inventa històries per als estudiants i les grava en audiollibres.,1
Comete muchos errores pero no se da cuenta.,2,Comet molts errors però no se n'adona.,,Comet molts errors però no es n'adona.,1,Comet molts errors però no s'adona'n.,1,Comet molts errors però no s'adona.,1,Comet molts errors però no se n'adona.,,"Comet molts errors, però no se n'adona.",
Trabaja con refugiados y se implica mucho.,2,Treballa amb refugiats i s'hi implica molt.,,Treballa amb refugiats i #s'hi implica molt.,,Treballa amb refugiats i s'hi implica molt.,,Treballa amb refugiats i s'implica molt.,1,Treballa amb refugiats i s'hi implica molt.,,Treballo amb persones refugiades i m'hi involucro molt.,
No quiere ver la realidad porque se niega.,2,No vol veure la realitat perquè es nega.,1,No vol veure la realitat perquè és nega.,1,No vol veure la realitat perquè s'hi nega.,,No vol veure la realitat perquè es nega.,1,No vol veure la realitat perquè s'hi nega.,,No vol veure la realitat perquè es nega.,1
Ha conocido una chica y se ha enamorado.,2,Ha conegut una noia i se n'ha enamorat.,,Ha conegut una noia i es n'ha enamorat.,1,Ha conegut una noia i s'hi ha enamorat.,,Ha conegut una noia i s'ha enamorat.,1,Ha conegut una noia i s'ha enamorat.,1,Va conèixer una noia i es va enamorar.,1
Quería llamarte pero me he olvidado.,2,Volia trucar-te però m'he oblidat.,1,Volia trucar-et però #m'he oblidat.,1,Volia trucar-te però m'he oblidat.,1,Volia cridar-te però m'he oblidat.,1,Volia trucar-te però me n'he oblidat.,,"Volia trucar-te, però me'n vaig oblidar.",
Iba al teatro los miércoles y volvía el sábado.,2,Anava al teatre els dimecres i tornava dissabte.,1,Anava al teatre els dimecres i tornava dissabte.,1,Anava al teatre els dimecres i hi tornava dissabte.,,Anava al teatre els dimecres i tornava el dissabte.,1,Anava al teatre els dimecres i tornava el dissabte.,1,Vaig anar al teatre els dimecres i vaig tornar dissabte.,1
Le gustaba desayunar en la cama y estaba acostumbrada.,2,Li agradava esmorzar al llit i hi estava acostumada.,,Li agradava esmorzar al llit i hi estava acostumada.,,Li agradava esmorzar al llit i s'hi estava acostumada.,1,Li agradava desdejunar en el llit i estava acostumada.,1,Li agradava esmorzar al llit i estava acostumada.,1,Li agradava esmorzar al llit i hi estava acostumada.,
Quería el mejor cava e insistía mucho.,2,Volia el millor cava i insistia molt.,1,Volia el millor cava i insistia molt.,1,Volia el millor cava i hi insistia molt.,,Volia el millor cava i insistia molt.,1,Volia el millor cava i insistia molt.,1,Volia el millor cava i va insistir molt.,1
Bebed vino con moderación y no abuséis.,2,Beveu vi amb moderació i no abuseu.,1,Beveu vi amb moderació i no abuseu.,,Beveu vi amb moderació i no en feu abús.,,Beveu vi amb moderació i no abuseu.,1,Beveu vi amb moderació i no en abuseu.,1,Beu vi amb moderació i no abusis.,1
Hemos ido al teatro pero tu no puedes ir.,2,Hem anat al teatre però tu no hi pots anar.,,Hem anat al teatre però el teu no hi pots anar.,,Hem anat al teatre però tu no hi pots anar.,,Hem anat al teatre però el teu no pots anar.,1,Hem anat al teatre però tu no pots anar.,1,Hem anat al teatre però no hi pots anar.,
Recibió tres puñetazos y ya tenía suficiente.,2,Va rebre tres cops de puny i ja en tenia prou.,,Va rebre tres cops de puny i ja en tènia prou.,,Va rebre tres cops de puny i ja en tenia prou.,,Va rebre tres cops de puny i ja tenia suficient.,1,Va rebre tres cops de puny i ja n'hi havia prou.,,Va rebre tres cops de puny i en va tenir prou.,
Huyó de la ciudad y se alejó.,2,Va fugir de la ciutat i es va allunyar.,1,Va fugir de la ciutat i és va allunyar.,1,Va fugir de la ciutat i s'hi va allunyar.,1,Va fugir de la ciutat i es va allunyar.,1,Va fugir de la ciutat i se'n va allunyar.,,Va fugir de la ciutat i se'n va anar.,1
Agarra la bandeja y pon encima un jarrón.,2,Agafa la safata i posa a sobre un gerro.,1,Agafa la safata i posa a sobre un gerro.,1,Agafa la safata i hi posa un gerro sobre ella.,,Agarra la safata i posa damunt un gerro.,1,Agafa la safata i posa-hi un gerro a sobre.,,Agafa la safata i posa un gerro a sobre.,1
No saben nada de cálculo pero tienen mucho interés.,2,No saben res de càlcul però tenen molt d'interès.,1,No saben cap de bestiar de càlcul però tenen molt d'interès.,1,No saben res de bestiar de càlcul però hi tenen molt d'interès.,,No saben gens de càlcul però tenen molt interès.,1,No saben res de càlcul però tenen molt d'interès.,1,"No saben res de càlcul, però tenen molt d'interès.",1
Les gusta la campaña y colaboran.,2,Els agrada la campanya i hi col·laboren.,,Els agrada la campanya i hi col·laborin.,,Elles gaudeixen de la campanya i hi col·laboren.,,Els agrada la campanya i col·laboren.,1,Els agrada la campanya i col·laboren.,1,Els agrada la campanya i hi participen.,1
Recuerda que es el cumpleaño de Pedro y no te olvides.,2,Recorda que és l'aniversari de Pere i no t'oblidis.,1,Recorda que és l'aniversari de Pere i no t'oblidis.,1,Recorda que és l'aniversari de Pere i no t'oblidis.,1,Recorda que és el *cumpleaño de Pedro i no t'oblidis.,1,Recorda que és el aniversari de Pedro i no te n'oblidis.,,Recordeu que és l'aniversari De Peter i no ho oblideu.,1
Almorzarán en casa y también cenarán.,2,Dinaran a casa i també soparen.,1,Dinaran a casa i també soparen.,1,Dinaran a casa i també hi soparen.,,Esmorzaran a casa i també soparan.,1,Dinar i sopar seran a casa.,1,Dinaran a casa i també soparan.,1
Se responsabilizaron de las obras pero ahora se desentienden.,2,Es van responsabilitzar de les obres però ara se'n desentenen.,,És van responsabilitzar dels obris però llaura es'n desentenen.,,Es van responsabilitzar dels obrirs però es'n desentenen.,,Es van responsabilitzar de les obres però ara de desentenen.,,Es van responsabilitzar de les obres però ara se'n desentenen.,,"Van assumir la responsabilitat de les obres, però ara les ignoren.",
No vendrá a la hora a la cena pero ya aparecerá.,2,"No vindrà a l'hora al sopar, però ja apareixerà.",,"No vindrà a l'hora al sopar, però ja apareixerà.",,"No vindrà a l'hora al sopar, però ja apareixerà.",,No vindrà a l'hora al sopar però ja apareixerà.,,No vindrà a l'hora de sopar però ja apareixerà.,,"No serà aquí a l'hora de sopar, però apareixerà.",
Hay muchos gastos pero yo no contribuiré.,2,Hi ha moltes despeses però jo no hi contribuiré.,,Hi ha moltes despeses però jo no hi contribuiré.,,Hi ha moltes despeses però jo no hi contribuiré.,,Hi ha moltes despeses però jo no contribuiré.,1,Hi ha moltes despeses però jo no hi contribuiré.,,"Hi ha moltes despeses, però no hi contribuiré.",
Le han castigado y se lo merece.,3,L'han castigat i s'ho mereix.,,L'han castigat i #s'ho mereix.,,L'han castigat i s'ho mereix.,,Li han castigat i s'ho mereix.,,L'han castigat i s'ho mereix.,,Ha estat castigat i s'ho mereix.,
Explica los problemas y lo repite todos los veces.,3,Explica els problemes i els repeteix tots dos cops.,,Explica els problemes i els repeteix tots dues vegades.,,Explica els problemes i els repeteix tots dues vegades.,,Explica els problemes i ho repeteix tots dues vegades.,,Explica els problemes i els repeteix tots dos cops.,,Explica els problemes i repetiu-los tots dues vegades.,
Quiere a su madre y la besa antes de salir de casa.,3,Vol la seva mare i la besa abans de sortir de casa.,,Vol la seva mare i la besa abans de sortir de casa.,,Estima la seva mare i la besa abans de sortir de casa.,,Vol a la seva mare i la besa abans de sortir de casa.,,Vol a la seva mare i la besa abans de sortir de casa.,,Estima la seva mare i la besa abans de sortir de casa.,
Compra flores y las pone en la mesa.,3,Compra flors i les posa a taula.,,Compra flors i els posa a taula.,1,Compra flors i les posa a taula.,,Compra flors i les posa en la taula.,,Compra flors i les posa a la taula.,,Compra flors i les posa sobre la taula.,
Entiende tus necesidades y las satisface.,3,Entén les teves necessitats i les satisfà.,,Entén els teves necessitats i els satisfà.,1,Entén les teves necessitats i les satisfà.,,Entén les teves necessitats i les satisfà.,,Entén les teves necessitats i les satisfac.,,Comprèn les teves necessitats i les satisfà.,
,,,66,,73,,56,,73,,48,,65